,,,,C-14 POPULATION IN FIVE YEAR AGE-GROUP BY RESIDENCE AND SEX ,,,,,,,,,
Table,State,Distt.,Area Name,Age-group,Total ,,,Rural,,,Urban,,
Name,Code,Code,,,,,,,,,,,
,,,,,Persons,Males,Females,Persons,Males,Females,Persons,Males,Females
,,,,1,2,3,4,5,6,7,8,9,10
,,,,,,,,,,,,,
,,,,,,,,,,,,,
C4114,00,000,India,All ages,1210854977,623270258,587584719,833748852,427781058,405967794,377106125,195489200,181616925
C4114,00,000,India,0-4,112806778,58632074,54174704,82986660,43036377,39950283,29820118,15595697,14224421
C4114,00,000,India,5-9,126928126,66300466,60627660,93807612,48825259,44982353,33120514,17475207,15645307
C4114,00,000,India,10-14,132709212,69418835,63290377,96804494,50488158,46316336,35904718,18930677,16974041
C4114,00,000,India,15-19,120526449,63982396,56544053,83902472,44570557,39331915,36623977,19411839,17212138
C4114,00,000,India,20-24,111424222,57584693,53839529,73835046,38138662,35696384,37589176,19446031,18143145
C4114,00,000,India,25-29,101413965,51344208,50069757,66068270,33375989,32692281,35345695,17968219,17377476
C4114,00,000,India,30-34,88594951,44660674,43934277,57911779,28934192,28977587,30683172,15726482,14956690
C4114,00,000,India,35-39,85140684,42919381,42221303,56062707,28125561,27937146,29077977,14793820,14284157
C4114,00,000,India,40-44,72438112,37545386,34892726,47581008,24565235,23015773,24857104,12980151,11876953
C4114,00,000,India,45-49,62318327,32138114,30180213,40688228,20864270,19823958,21630099,11273844,10356255
C4114,00,000,India,50-54,49069254,25843266,23225988,32031788,16789547,15242241,17037466,9053719,7983747
C4114,00,000,India,55-59,39146055,19456012,19690043,25861514,12536529,13324985,13284541,6919483,6365058
C4114,00,000,India,60-64,37663707,18701749,18961958,26291245,12931592,13359653,11372462,5770157,5602305
C4114,00,000,India,65-69,26454983,12944326,13510657,18916270,9208311,9707959,7538713,3736015,3802698
C4114,00,000,India,70-74,19208842,9651499,9557343,13807600,6978179,6829421,5401242,2673320,2727922
C4114,00,000,India,75-79,9232503,4490603,4741900,6383717,3113424,3270293,2848786,1377179,1471607
C4114,00,000,India,80+,11289005,5283695,6005310,7894990,3765796,4129194,3394015,1517899,1876116
C4114,00,000,India,Age not stated,4489802,2372881,2116921,2913452,1533420,1380032,1576350,839461,736889
C4114,01,000,State - JAMMU & KASHMIR (01),All ages,12541302,6640662,5900640,9108060,4774477,4333583,3433242,1866185,1567057
C4114,01,000,State - JAMMU & KASHMIR (01),0-4,1414884,763501,651383,1115289,600891,514398,299595,162610,136985
C4114,01,000,State - JAMMU & KASHMIR (01),5-9,1411973,746818,665155,1109056,584994,524062,302917,161824,141093
C4114,01,000,State - JAMMU & KASHMIR (01),10-14,1413853,744855,668998,1097236,575511,521725,316617,169344,147273
C4114,01,000,State - JAMMU & KASHMIR (01),15-19,1237462,640362,597100,926108,477098,449010,311354,163264,148090
C4114,01,000,State - JAMMU & KASHMIR (01),20-24,1160913,603578,557335,827361,423292,404069,333552,180286,153266
C4114,01,000,State - JAMMU & KASHMIR (01),25-29,1086122,584559,501563,738568,385544,353024,347554,199015,148539
C4114,01,000,State - JAMMU & KASHMIR (01),30-34,926903,495746,431157,636137,333062,303075,290766,162684,128082
C4114,01,000,State - JAMMU & KASHMIR (01),35-39,837945,441265,396680,568825,294268,274557,269120,146997,122123
C4114,01,000,State - JAMMU & KASHMIR (01),40-44,714085,387739,326346,483222,256988,226234,230863,130751,100112
C4114,01,000,State - JAMMU & KASHMIR (01),45-49,590790,311560,279230,395959,205036,190923,194831,106524,88307
C4114,01,000,State - JAMMU & KASHMIR (01),50-54,468566,255599,212967,319992,173804,146188,148574,81795,66779
C4114,01,000,State - JAMMU & KASHMIR (01),55-59,340031,172753,167278,227495,114641,112854,112536,58112,54424
C4114,01,000,State - JAMMU & KASHMIR (01),60-64,322726,173427,149299,226005,121240,104765,96721,52187,44534
C4114,01,000,State - JAMMU & KASHMIR (01),65-69,203965,102743,101222,140720,70780,69940,63245,31963,31282
C4114,01,000,State - JAMMU & KASHMIR (01),70-74,184019,97472,86547,132084,70777,61307,51935,26695,25240
C4114,01,000,State - JAMMU & KASHMIR (01),75-79,85076,43094,41982,58918,29980,28938,26158,13114,13044
C4114,01,000,State - JAMMU & KASHMIR (01),80+,126870,65844,61026,94242,49712,44530,32628,16132,16496
C4114,01,000,State - JAMMU & KASHMIR (01),Age not stated,15119,9747,5372,10843,6859,3984,4276,2888,1388
C4114,02,000,State - HIMACHAL PRADESH (02),All ages,6864602,3481873,3382729,6176050,3110345,3065705,688552,371528,317024
C4114,02,000,State - HIMACHAL PRADESH (02),0-4,544984,285011,259973,500931,261743,239188,44053,23268,20785
C4114,02,000,State - HIMACHAL PRADESH (02),5-9,591177,311457,279720,537559,282441,255118,53618,29016,24602
C4114,02,000,State - HIMACHAL PRADESH (02),10-14,639224,338240,300984,580265,305500,274765,58959,32740,26219
C4114,02,000,State - HIMACHAL PRADESH (02),15-19,640461,336729,303732,575991,300554,275437,64470,36175,28295
C4114,02,000,State - HIMACHAL PRADESH (02),20-24,643866,323720,320146,573439,285167,288272,70427,38553,31874
C4114,02,000,State - HIMACHAL PRADESH (02),25-29,589160,290125,299035,523605,255016,268589,65555,35109,30446
C4114,02,000,State - HIMACHAL PRADESH (02),30-34,546357,271253,275104,485375,239272,246103,60982,31981,29001
C4114,02,000,State - HIMACHAL PRADESH (02),35-39,517966,258230,259736,459275,227906,231369,58691,30324,28367
C4114,02,000,State - HIMACHAL PRADESH (02),40-44,445560,222269,223291,394635,195137,199498,50925,27132,23793
C4114,02,000,State - HIMACHAL PRADESH (02),45-49,395128,197642,197486,350793,173489,177304,44335,24153,20182
C4114,02,000,State - HIMACHAL PRADESH (02),50-54,330687,165724,164963,295411,145792,149619,35276,19932,15344
C4114,02,000,State - HIMACHAL PRADESH (02),55-59,266860,135245,131615,240093,119998,120095,26767,15247,11520
C4114,02,000,State - HIMACHAL PRADESH (02),60-64,231372,115464,115908,212263,105331,106932,19109,10133,8976
C4114,02,000,State - HIMACHAL PRADESH (02),65-69,158607,78387,80220,146096,71950,74146,12511,6437,6074
C4114,02,000,State - HIMACHAL PRADESH (02),70-74,130587,62119,68468,120932,57250,63682,9655,4869,4786
C4114,02,000,State - HIMACHAL PRADESH (02),75-79,75706,36440,39266,69958,33561,36397,5748,2879,2869
C4114,02,000,State - HIMACHAL PRADESH (02),80+,106737,48465,58272,100043,45339,54704,6694,3126,3568
C4114,02,000,State - HIMACHAL PRADESH (02),Age not stated,10163,5353,4810,9386,4899,4487,777,454,323
C4114,03,000,State - PUNJAB (03),All ages,27743338,14639465,13103873,17344192,9093476,8250716,10399146,5545989,4853157
C4114,03,000,State - PUNJAB (03),0-4,2133529,1149956,983573,1351369,729984,621385,782160,419972,362188
C4114,03,000,State - PUNJAB (03),5-9,2368019,1301682,1066337,1507022,827905,679117,860997,473777,387220
C4114,03,000,State - PUNJAB (03),10-14,2583402,1445530,1137872,1668828,931366,737462,914574,514164,400410
C4114,03,000,State - PUNJAB (03),15-19,2817683,1570180,1247503,1814427,1003831,810596,1003256,566349,436907
C4114,03,000,State - PUNJAB (03),20-24,2776636,1465531,1311105,1706833,888739,818094,1069803,576792,493011
C4114,03,000,State - PUNJAB (03),25-29,2463861,1270405,1193456,1455456,738196,717260,1008405,532209,476196
C4114,03,000,State - PUNJAB (03),30-34,2116539,1082533,1034006,1263506,636268,627238,853033,446265,406768
C4114,03,000,State - PUNJAB (03),35-39,1989071,1010862,978209,1202842,604249,598593,786229,406613,379616
C4114,03,000,State - PUNJAB (03),40-44,1788469,909208,879261,1102644,555906,546738,685825,353302,332523
C4114,03,000,State - PUNJAB (03),45-49,1587771,818135,769636,964942,495583,469359,622829,322552,300277
C4114,03,000,State - PUNJAB (03),50-54,1254464,663664,590800,749857,397863,351994,504607,265801,238806
C4114,03,000,State - PUNJAB (03),55-59,956555,485845,470710,569146,283796,285350,387409,202049,185360
C4114,03,000,State - PUNJAB (03),60-64,996590,482483,514107,654729,309825,344904,341861,172658,169203
C4114,03,000,State - PUNJAB (03),65-69,719588,372806,346782,496111,257824,238287,223477,114982,108495
C4114,03,000,State - PUNJAB (03),70-74,513472,272120,241352,356117,191121,164996,157355,80999,76356
C4114,03,000,State - PUNJAB (03),75-79,256666,130203,126463,175972,89364,86608,80694,40839,39855
C4114,03,000,State - PUNJAB (03),80+,379501,186050,193451,274781,135823,138958,104720,50227,54493
C4114,03,000,State - PUNJAB (03),Age not stated,41522,22272,19250,29610,15833,13777,11912,6439,5473
C4114,04,000,State - CHANDIGARH (04),All ages,1055450,580663,474787,28991,17150,11841,1026459,563513,462946
C4114,04,000,State - CHANDIGARH (04),0-4,81854,43347,38507,3021,1611,1410,78833,41736,37097
C4114,04,000,State - CHANDIGARH (04),5-9,91194,49255,41939,2921,1572,1349,88273,47683,40590
C4114,04,000,State - CHANDIGARH (04),10-14,93464,52140,41324,2537,1421,1116,90927,50719,40208
C4114,04,000,State - CHANDIGARH (04),15-19,104418,60521,43897,2765,1787,978,101653,58734,42919
C4114,04,000,State - CHANDIGARH (04),20-24,121244,68467,52777,3593,2255,1338,117651,66212,51439
C4114,04,000,State - CHANDIGARH (04),25-29,110237,60694,49543,3806,2260,1546,106431,58434,47997
C4114,04,000,State - CHANDIGARH (04),30-34,90803,49625,41178,3101,1902,1199,87702,47723,39979
C4114,04,000,State - CHANDIGARH (04),35-39,83672,45566,38106,2321,1455,866,81351,44111,37240
C4114,04,000,State - CHANDIGARH (04),40-44,68921,37268,31653,1547,947,600,67374,36321,31053
C4114,04,000,State - CHANDIGARH (04),45-49,60352,32893,27459,1049,638,411,59303,32255,27048
C4114,04,000,State - CHANDIGARH (04),50-54,46942,26108,20834,723,415,308,46219,25693,20526
C4114,04,000,State - CHANDIGARH (04),55-59,34925,19745,15180,503,272,231,34422,19473,14949
C4114,04,000,State - CHANDIGARH (04),60-64,25801,13530,12271,481,277,204,25320,13253,12067
C4114,04,000,State - CHANDIGARH (04),65-69,15839,8250,7589,255,140,115,15584,8110,7474
C4114,04,000,State - CHANDIGARH (04),70-74,11385,5998,5387,181,96,85,11204,5902,5302
C4114,04,000,State - CHANDIGARH (04),75-79,6422,3255,3167,75,43,32,6347,3212,3135
C4114,04,000,State - CHANDIGARH (04),80+,7631,3800,3831,106,55,51,7525,3745,3780
C4114,04,000,State - CHANDIGARH (04),Age not stated,346,201,145,6,4,2,340,197,143
C4114,05,000,State - UTTARAKHAND (05),All ages,10086292,5137773,4948519,7036954,3519042,3517912,3049338,1618731,1430607
C4114,05,000,State - UTTARAKHAND (05),0-4,924864,488988,435876,677293,356937,320356,247571,132051,115520
C4114,05,000,State - UTTARAKHAND (05),5-9,1058801,560179,498622,770582,404255,366327,288219,155924,132295
C4114,05,000,State - UTTARAKHAND (05),10-14,1145343,603274,542069,835418,434578,400840,309925,168696,141229
C4114,05,000,State - UTTARAKHAND (05),15-19,1124110,588483,535627,792898,407069,385829,331212,181414,149798
C4114,05,000,State - UTTARAKHAND (05),20-24,970068,484614,485454,648027,312431,335596,322041,172183,149858
C4114,05,000,State - UTTARAKHAND (05),25-29,810184,397363,412821,529754,253277,276477,280430,144086,136344
C4114,05,000,State - UTTARAKHAND (05),30-34,698300,345427,352873,459156,221890,237266,239144,123537,115607
C4114,05,000,State - UTTARAKHAND (05),35-39,665500,330834,334666,441348,215242,226106,224152,115592,108560
C4114,05,000,State - UTTARAKHAND (05),40-44,566709,285531,281178,378652,187060,191592,188057,98471,89586
C4114,05,000,State - UTTARAKHAND (05),45-49,489377,247982,241395,325900,160955,164945,163477,87027,76450
C4114,05,000,State - UTTARAKHAND (05),50-54,397158,202024,195134,270074,133037,137037,127084,68987,58097
C4114,05,000,State - UTTARAKHAND (05),55-59,318461,151865,166596,221366,100962,120404,97095,50903,46192
C4114,05,000,State - UTTARAKHAND (05),60-64,329056,163220,165836,244791,119263,125528,84265,43957,40308
C4114,05,000,State - UTTARAKHAND (05),65-69,218759,108412,110347,163102,78840,84262,55657,29572,26085
C4114,05,000,State - UTTARAKHAND (05),70-74,163443,80970,82473,124907,60605,64302,38536,20365,18171
C4114,05,000,State - UTTARAKHAND (05),75-79,84646,40837,43809,64561,30697,33864,20085,10140,9945
C4114,05,000,State - UTTARAKHAND (05),80+,104905,48458,56447,78653,36196,42457,26252,12262,13990
C4114,05,000,State - UTTARAKHAND (05),Age not stated,16608,9312,7296,10472,5748,4724,6136,3564,2572
C4114,06,000,State - HARYANA (06),All ages,25351462,13494734,11856728,16509359,8774006,7735353,8842103,4720728,4121375
C4114,06,000,State - HARYANA (06),0-4,2362519,1283789,1078730,1602923,870623,732300,759596,413166,346430
C4114,06,000,State - HARYANA (06),5-9,2498757,1371825,1126932,1679882,920472,759410,818875,451353,367522
C4114,06,000,State - HARYANA (06),10-14,2668678,1474136,1194542,1812859,996086,816773,855819,478050,377769
C4114,06,000,State - HARYANA (06),15-19,2677390,1487548,1189842,1799991,994391,805600,877399,493157,384242
C4114,06,000,State - HARYANA (06),20-24,2567486,1372799,1194687,1658579,889577,769002,908907,483222,425685
C4114,06,000,State - HARYANA (06),25-29,2231959,1178340,1053619,1384241,737729,646512,847718,440611,407107
C4114,06,000,State - HARYANA (06),30-34,1893591,976844,916747,1174200,605409,568791,719391,371435,347956
C4114,06,000,State - HARYANA (06),35-39,1761863,912717,849146,1097613,569510,528103,664250,343207,321043
C4114,06,000,State - HARYANA (06),40-44,1505950,790581,715369,947369,495956,451413,558581,294625,263956
C4114,06,000,State - HARYANA (06),45-49,1241814,655749,586065,765054,403338,361716,476760,252411,224349
C4114,06,000,State - HARYANA (06),50-54,965228,510688,454540,590288,310495,279793,374940,200193,174747
C4114,06,000,State - HARYANA (06),55-59,750938,374209,376729,462888,224344,238544,288050,149865,138185
C4114,06,000,State - HARYANA (06),60-64,844349,413958,430391,573957,276636,297321,270392,137322,133070
C4114,06,000,State - HARYANA (06),65-69,504439,255270,249169,343427,171739,171688,161012,83531,77481
C4114,06,000,State - HARYANA (06),70-74,374161,188304,185857,260398,130774,129624,113763,57530,56233
C4114,06,000,State - HARYANA (06),75-79,196217,97692,98525,136964,68101,68863,59253,29591,29662
C4114,06,000,State - HARYANA (06),80+,274589,133397,141192,198145,97815,100330,76444,35582,40862
C4114,06,000,State - HARYANA (06),Age not stated,31534,16888,14646,20581,11011,9570,10953,5877,5076
C4114,07,000,State - NCT OF DELHI (07),All ages,16787941,8987326,7800615,419042,226321,192721,16368899,8761005,7607894
C4114,07,000,State - NCT OF DELHI (07),0-4,1381200,734336,646864,39125,21481,17644,1342075,712855,629220
C4114,07,000,State - NCT OF DELHI (07),5-9,1535972,829487,706485,42594,23698,18896,1493378,805789,687589
C4114,07,000,State - NCT OF DELHI (07),10-14,1648147,895446,752701,45883,25479,20404,1602264,869967,732297
C4114,07,000,State - NCT OF DELHI (07),15-19,1667375,925118,742257,44367,24916,19451,1623008,900202,722806
C4114,07,000,State - NCT OF DELHI (07),20-24,1764060,951411,812649,44407,23805,20602,1719653,927606,792047
C4114,07,000,State - NCT OF DELHI (07),25-29,1668326,878196,790130,39250,20584,18666,1629076,857612,771464
C4114,07,000,State - NCT OF DELHI (07),30-34,1434699,757455,677244,33833,17431,16402,1400866,740024,660842
C4114,07,000,State - NCT OF DELHI (07),35-39,1319244,698455,620789,31648,16738,14910,1287596,681717,605879
C4114,07,000,State - NCT OF DELHI (07),40-44,1097197,590858,506339,25962,14180,11782,1071235,576678,494557
C4114,07,000,State - NCT OF DELHI (07),45-49,911213,495227,415986,19676,10981,8695,891537,484246,407291
C4114,07,000,State - NCT OF DELHI (07),50-54,687469,376222,311247,14347,7917,6430,673122,368305,304817
C4114,07,000,State - NCT OF DELHI (07),55-59,508892,269185,239707,10299,5372,4927,498593,263813,234780
C4114,07,000,State - NCT OF DELHI (07),60-64,472019,238103,233916,11624,5700,5924,460395,232403,227992
C4114,07,000,State - NCT OF DELHI (07),65-69,272452,139398,133054,6123,3125,2998,266329,136273,130056
C4114,07,000,State - NCT OF DELHI (07),70-74,189250,94947,94303,4318,2171,2147,184932,92776,92156
C4114,07,000,State - NCT OF DELHI (07),75-79,100693,50446,50247,2047,980,1067,98646,49466,49180
C4114,07,000,State - NCT OF DELHI (07),80+,113031,53861,59170,3022,1482,1540,110009,52379,57630
C4114,07,000,State - NCT OF DELHI (07),Age not stated,16702,9175,7527,517,281,236,16185,8894,7291
C4114,08,000,State - RAJASTHAN (08),All ages,68548437,35550997,32997440,51500352,26641747,24858605,17048085,8909250,8138835
C4114,08,000,State - RAJASTHAN (08),0-4,7302170,3858574,3443596,5770924,3045730,2725194,1531246,812844,718402
C4114,08,000,State - RAJASTHAN (08),5-9,8042738,4258873,3783865,6326379,3336981,2989398,1716359,921892,794467
C4114,08,000,State - RAJASTHAN (08),10-14,8380518,4430696,3949822,6537189,3446732,3090457,1843329,983964,859365
C4114,08,000,State - RAJASTHAN (08),15-19,7314017,3889874,3424143,5496935,2918083,2578852,1817082,971791,845291
C4114,08,000,State - RAJASTHAN (08),20-24,6426494,3377483,3049011,4682761,2471674,2211087,1743733,905809,837924
C4114,08,000,State - RAJASTHAN (08),25-29,5348497,2763059,2585438,3832693,1981853,1850840,1515804,781206,734598
C4114,08,000,State - RAJASTHAN (08),30-34,4722683,2384569,2338114,3412817,1716111,1696706,1309866,668458,641408
C4114,08,000,State - RAJASTHAN (08),35-39,4334564,2201790,2132774,3130395,1585834,1544561,1204169,615956,588213
C4114,08,000,State - RAJASTHAN (08),40-44,3735355,1926916,1808439,2704801,1390594,1314207,1030554,536322,494232
C4114,08,000,State - RAJASTHAN (08),45-49,3145404,1608512,1536892,2265671,1150068,1115603,879733,458444,421289
C4114,08,000,State - RAJASTHAN (08),50-54,2516808,1345007,1171801,1817629,968094,849535,699179,376913,322266
C4114,08,000,State - RAJASTHAN (08),55-59,1897449,935866,961583,1383879,668669,715210,513570,267197,246373
C4114,08,000,State - RAJASTHAN (08),60-64,1770139,884024,886115,1343329,666272,677057,426810,217752,209058
C4114,08,000,State - RAJASTHAN (08),65-69,1260376,589471,670905,971320,448876,522444,289056,140595,148461
C4114,08,000,State - RAJASTHAN (08),70-74,1016915,490011,526904,795430,382456,412974,221485,107555,113930
C4114,08,000,State - RAJASTHAN (08),75-79,477655,216016,261639,364642,162014,202628,113013,54002,59011
C4114,08,000,State - RAJASTHAN (08),80+,587053,252741,334312,449071,193050,256021,137982,59691,78291
C4114,08,000,State - RAJASTHAN (08),Age not stated,269602,137515,132087,214487,108656,105831,55115,28859,26256
C4114,09,000,State - UTTAR PRADESH (09),All ages,199812341,104480510,95331831,155317278,80992995,74324283,44495063,23487515,21007548
C4114,09,000,State - UTTAR PRADESH (09),0-4,20376668,10660474,9716194,16556223,8640363,7915860,3820445,2020111,1800334
C4114,09,000,State - UTTAR PRADESH (09),5-9,25061717,13250331,11811386,20362456,10744603,9617853,4699261,2505728,2193533
C4114,09,000,State - UTTAR PRADESH (09),10-14,25869881,13679154,12190727,20773940,10962322,9811618,5095941,2716832,2379109
C4114,09,000,State - UTTAR PRADESH (09),15-19,23040380,12307573,10732807,17779084,9493418,8285666,5261296,2814155,2447141
C4114,09,000,State - UTTAR PRADESH (09),20-24,17578648,9405485,8173163,12989044,6927701,6061343,4589604,2477784,2111820
C4114,09,000,State - UTTAR PRADESH (09),25-29,14579829,7466367,7113462,10860729,5531452,5329277,3719100,1934915,1784185
C4114,09,000,State - UTTAR PRADESH (09),30-34,12954682,6431401,6523281,9810399,4825061,4985338,3144283,1606340,1537943
C4114,09,000,State - UTTAR PRADESH (09),35-39,12556222,6401231,6154991,9523701,4848208,4675493,3032521,1553023,1479498
C4114,09,000,State - UTTAR PRADESH (09),40-44,10231402,5395162,4836240,7685262,4053994,3631268,2546140,1341168,1204972
C4114,09,000,State - UTTAR PRADESH (09),45-49,8449777,4382148,4067629,6278251,3240893,3037358,2171526,1141255,1030271
C4114,09,000,State - UTTAR PRADESH (09),50-54,6587023,3571917,3015106,4912691,2662431,2250260,1674332,909486,764846
C4114,09,000,State - UTTAR PRADESH (09),55-59,5464146,2626201,2837945,4166600,1960534,2206066,1297546,665667,631879
C4114,09,000,State - UTTAR PRADESH (09),60-64,5705191,2968771,2736420,4555476,2363521,2191955,1149715,605250,544465
C4114,09,000,State - UTTAR PRADESH (09),65-69,3839969,1958472,1881497,3116965,1583084,1533881,723004,375388,347616
C4114,09,000,State - UTTAR PRADESH (09),70-74,2832368,1535092,1297276,2317686,1262445,1055241,514682,272647,242035
C4114,09,000,State - UTTAR PRADESH (09),75-79,1249892,638877,611015,1008251,514186,494065,241641,124691,116950
C4114,09,000,State - UTTAR PRADESH (09),80+,1812484,935921,876563,1448090,754399,693691,364394,181522,182872
C4114,09,000,State - UTTAR PRADESH (09),Age not stated,1622062,865933,756129,1172430,624380,548050,449632,241553,208079
C4114,10,000,State - BIHAR (10),All ages,104099452,54278157,49821295,92341436,48073850,44267586,11758016,6204307,5553709
C4114,10,000,State - BIHAR (10),0-4,12765029,6576871,6188158,11600288,5969825,5630463,1164741,607046,557695
C4114,10,000,State - BIHAR (10),5-9,15036277,7796359,7239918,13630801,7057963,6572838,1405476,738396,667080
C4114,10,000,State - BIHAR (10),10-14,13919882,7323831,6596051,12472947,6563975,5908972,1446935,759856,687079
C4114,10,000,State - BIHAR (10),15-19,9472695,5290581,4182114,8243729,4622498,3621231,1228966,668083,560883
C4114,10,000,State - BIHAR (10),20-24,8064735,4210585,3854150,7011053,3644529,3366524,1053682,566056,487626
C4114,10,000,State - BIHAR (10),25-29,7671705,3828687,3843018,6722688,3340162,3382526,949017,488525,460492
C4114,10,000,State - BIHAR (10),30-34,7055737,3510596,3545141,6203044,3074406,3128638,852693,436190,416503
C4114,10,000,State - BIHAR (10),35-39,6457261,3308161,3149100,5671251,2902365,2768886,786010,405796,380214
C4114,10,000,State - BIHAR (10),40-44,5165692,2756809,2408883,4510868,2404576,2106292,654824,352233,302591
C4114,10,000,State - BIHAR (10),45-49,4270374,2209994,2060380,3721533,1918799,1802734,548841,291195,257646
C4114,10,000,State - BIHAR (10),50-54,3312740,1808425,1504315,2885694,1575237,1310457,427046,233188,193858
C4114,10,000,State - BIHAR (10),55-59,2796678,1330356,1466322,2450329,1151517,1298812,346349,178839,167510
C4114,10,000,State - BIHAR (10),60-64,3008008,1559925,1448083,2677437,1385714,1291723,330571,174211,156360
C4114,10,000,State - BIHAR (10),65-69,2089779,1103718,986061,1870640,986570,884070,219139,117148,101991
C4114,10,000,State - BIHAR (10),70-74,1379531,784383,595148,1231828,701151,530677,147703,83232,64471
C4114,10,000,State - BIHAR (10),75-79,550479,297973,252506,486894,263161,223733,63585,34812,28773
C4114,10,000,State - BIHAR (10),80+,679348,360594,318754,601387,320855,280532,77961,39739,38222
C4114,10,000,State - BIHAR (10),Age not stated,403502,220309,183193,349025,190547,158478,54477,29762,24715
C4114,11,000,State - SIKKIM (11),All ages,610577,323070,287507,456999,242797,214202,153578,80273,73305
C4114,11,000,State - SIKKIM (11),0-4,42336,21685,20651,32382,16541,15841,9954,5144,4810
C4114,11,000,State - SIKKIM (11),5-9,56678,28688,27990,44158,22334,21824,12520,6354,6166
C4114,11,000,State - SIKKIM (11),10-14,66923,33965,32958,52191,26588,25603,14732,7377,7355
C4114,11,000,State - SIKKIM (11),15-19,66937,33998,32939,50759,25943,24816,16178,8055,8123
C4114,11,000,State - SIKKIM (11),20-24,67297,35146,32151,49839,26301,23538,17458,8845,8613
C4114,11,000,State - SIKKIM (11),25-29,64639,34700,29939,46628,25475,21153,18011,9225,8786
C4114,11,000,State - SIKKIM (11),30-34,52225,28562,23663,37412,20788,16624,14813,7774,7039
C4114,11,000,State - SIKKIM (11),35-39,43627,23396,20231,30928,16613,14315,12699,6783,5916
C4114,11,000,State - SIKKIM (11),40-44,36552,20170,16382,26111,14402,11709,10441,5768,4673
C4114,11,000,State - SIKKIM (11),45-49,29462,16114,13348,21104,11394,9710,8358,4720,3638
C4114,11,000,State - SIKKIM (11),50-54,24432,13624,10808,18081,10021,8060,6351,3603,2748
C4114,11,000,State - SIKKIM (11),55-59,17541,9913,7628,13219,7390,5829,4322,2523,1799
C4114,11,000,State - SIKKIM (11),60-64,13550,7441,6109,10875,5971,4904,2675,1470,1205
C4114,11,000,State - SIKKIM (11),65-69,10483,5593,4890,8532,4584,3948,1951,1009,942
C4114,11,000,State - SIKKIM (11),70-74,7561,4304,3257,6280,3624,2656,1281,680,601
C4114,11,000,State - SIKKIM (11),75-79,4516,2556,1960,3736,2150,1586,780,406,374
C4114,11,000,State - SIKKIM (11),80+,4642,2578,2064,3777,2147,1630,865,431,434
C4114,11,000,State - SIKKIM (11),Age not stated,1176,637,539,987,531,456,189,106,83
C4114,12,000,State - ARUNACHAL PRADESH (12),All ages,1383727,713912,669815,1066358,546011,520347,317369,167901,149468
C4114,12,000,State - ARUNACHAL PRADESH (12),0-4,142879,72464,70415,115773,58593,57180,27106,13871,13235
C4114,12,000,State - ARUNACHAL PRADESH (12),5-9,171123,86699,84424,138348,70237,68111,32775,16462,16313
C4114,12,000,State - ARUNACHAL PRADESH (12),10-14,179359,90439,88920,140026,70980,69046,39333,19459,19874
C4114,12,000,State - ARUNACHAL PRADESH (12),15-19,155968,78673,77295,116064,58961,57103,39904,19712,20192
C4114,12,000,State - ARUNACHAL PRADESH (12),20-24,131696,66033,65663,97891,49023,48868,33805,17010,16795
C4114,12,000,State - ARUNACHAL PRADESH (12),25-29,123714,63366,60348,90931,45974,44957,32783,17392,15391
C4114,12,000,State - ARUNACHAL PRADESH (12),30-34,101171,52462,48709,74292,38006,36286,26879,14456,12423
C4114,12,000,State - ARUNACHAL PRADESH (12),35-39,94391,48211,46180,69148,34826,34322,25243,13385,11858
C4114,12,000,State - ARUNACHAL PRADESH (12),40-44,78603,42861,35742,57742,30631,27111,20861,12230,8631
C4114,12,000,State - ARUNACHAL PRADESH (12),45-49,63679,35173,28506,47781,25465,22316,15898,9708,6190
C4114,12,000,State - ARUNACHAL PRADESH (12),50-54,46110,26487,19623,36249,20048,16201,9861,6439,3422
C4114,12,000,State - ARUNACHAL PRADESH (12),55-59,29886,16996,12890,24559,13401,11158,5327,3595,1732
C4114,12,000,State - ARUNACHAL PRADESH (12),60-64,25445,13492,11953,22262,11659,10603,3183,1833,1350
C4114,12,000,State - ARUNACHAL PRADESH (12),65-69,14973,7642,7331,13346,6755,6591,1627,887,740
C4114,12,000,State - ARUNACHAL PRADESH (12),70-74,10647,5547,5100,9647,5048,4599,1000,499,501
C4114,12,000,State - ARUNACHAL PRADESH (12),75-79,5135,2687,2448,4655,2435,2220,480,252,228
C4114,12,000,State - ARUNACHAL PRADESH (12),80+,7439,3821,3618,6451,3308,3143,988,513,475
C4114,12,000,State - ARUNACHAL PRADESH (12),Age not stated,1509,859,650,1193,661,532,316,198,118
C4114,13,000,State - NAGALAND (13),All ages,1978502,1024649,953853,1407536,725472,682064,570966,299177,271789
C4114,13,000,State - NAGALAND (13),0-4,197262,101291,95971,147261,75981,71280,50001,25310,24691
C4114,13,000,State - NAGALAND (13),5-9,233099,120647,112452,173624,90120,83504,59475,30527,28948
C4114,13,000,State - NAGALAND (13),10-14,248671,129237,119434,181149,94658,86491,67522,34579,32943
C4114,13,000,State - NAGALAND (13),15-19,229622,117994,111628,161926,83359,78567,67696,34635,33061
C4114,13,000,State - NAGALAND (13),20-24,204363,103769,100594,139581,70944,68637,64782,32825,31957
C4114,13,000,State - NAGALAND (13),25-29,176901,89598,87303,117131,58588,58543,59770,31010,28760
C4114,13,000,State - NAGALAND (13),30-34,149924,76505,73419,100492,50782,49710,49432,25723,23709
C4114,13,000,State - NAGALAND (13),35-39,128198,64695,63503,87170,43067,44103,41028,21628,19400
C4114,13,000,State - NAGALAND (13),40-44,109261,57653,51608,76029,39211,36818,33232,18442,14790
C4114,13,000,State - NAGALAND (13),45-49,87747,47757,39990,61345,32644,28701,26402,15113,11289
C4114,13,000,State - NAGALAND (13),50-54,65859,36134,29725,47518,25376,22142,18341,10758,7583
C4114,13,000,State - NAGALAND (13),55-59,43398,23741,19657,31751,16898,14853,11647,6843,4804
C4114,13,000,State - NAGALAND (13),60-64,36519,19683,16836,28201,14898,13303,8318,4785,3533
C4114,13,000,State - NAGALAND (13),65-69,24243,12801,11442,18939,9930,9009,5304,2871,2433
C4114,13,000,State - NAGALAND (13),70-74,17593,9260,8333,14353,7550,6803,3240,1710,1530
C4114,13,000,State - NAGALAND (13),75-79,10565,5635,4930,8629,4606,4023,1936,1029,907
C4114,13,000,State - NAGALAND (13),80+,13806,7400,6406,11163,6128,5035,2643,1272,1371
C4114,13,000,State - NAGALAND (13),Age not stated,1471,849,622,1274,732,542,197,117,80
C4114,14,000,State - MANIPUR (14),All ages,2855794,1438586,1417208,2021640,1026884,994756,834154,411702,422452
C4114,14,000,State - MANIPUR (14),0-4,256682,133160,123522,186405,97094,89311,70277,36066,34211
C4114,14,000,State - MANIPUR (14),5-9,291243,149766,141477,215420,111112,104308,75823,38654,37169
C4114,14,000,State - MANIPUR (14),10-14,313763,161146,152617,230842,119214,111628,82921,41932,40989
C4114,14,000,State - MANIPUR (14),15-19,287008,144495,142513,213039,107906,105133,73969,36589,37380
C4114,14,000,State - MANIPUR (14),20-24,281782,139587,142195,204739,102223,102516,77043,37364,39679
C4114,14,000,State - MANIPUR (14),25-29,270477,132888,137589,188887,93626,95261,81590,39262,42328
C4114,14,000,State - MANIPUR (14),30-34,220954,109678,111276,151922,76143,75779,69032,33535,35497
C4114,14,000,State - MANIPUR (14),35-39,198453,98019,100434,135625,67639,67986,62828,30380,32448
C4114,14,000,State - MANIPUR (14),40-44,170829,85896,84933,117107,59442,57665,53722,26454,27268
C4114,14,000,State - MANIPUR (14),45-49,147030,73917,73113,100201,50660,49541,46829,23257,23572
C4114,14,000,State - MANIPUR (14),50-54,120277,60598,59679,80585,41105,39480,39692,19493,20199
C4114,14,000,State - MANIPUR (14),55-59,89499,45409,44090,59601,30555,29046,29898,14854,15044
C4114,14,000,State - MANIPUR (14),60-64,71897,36567,35330,48223,24875,23348,23674,11692,11982
C4114,14,000,State - MANIPUR (14),65-69,46648,23218,23430,31006,15677,15329,15642,7541,8101
C4114,14,000,State - MANIPUR (14),70-74,34253,16776,17477,22588,11301,11287,11665,5475,6190
C4114,14,000,State - MANIPUR (14),75-79,21428,10663,10765,13656,6961,6695,7772,3702,4070
C4114,14,000,State - MANIPUR (14),80+,25794,12571,13223,16142,8208,7934,9652,4363,5289
C4114,14,000,State - MANIPUR (14),Age not stated,7777,4232,3545,5652,3143,2509,2125,1089,1036
C4114,15,000,State - MIZORAM (15),All ages,1097206,555339,541867,525435,269135,256300,571771,286204,285567
C4114,15,000,State - MIZORAM (15),0-4,121233,61541,59692,66972,34077,32895,54261,27464,26797
C4114,15,000,State - MIZORAM (15),5-9,117788,59888,57900,64896,33073,31823,52892,26815,26077
C4114,15,000,State - MIZORAM (15),10-14,116981,59526,57455,60088,30836,29252,56893,28690,28203
C4114,15,000,State - MIZORAM (15),15-19,110343,55907,54436,50257,26000,24257,60086,29907,30179
C4114,15,000,State - MIZORAM (15),20-24,111708,55512,56196,50969,25314,25655,60739,30198,30541
C4114,15,000,State - MIZORAM (15),25-29,102346,51390,50956,46384,23442,22942,55962,27948,28014
C4114,15,000,State - MIZORAM (15),30-34,88374,44341,44033,38740,19801,18939,49634,24540,25094
C4114,15,000,State - MIZORAM (15),35-39,72384,36817,35567,31629,16461,15168,40755,20356,20399
C4114,15,000,State - MIZORAM (15),40-44,58180,29970,28210,24818,12925,11893,33362,17045,16317
C4114,15,000,State - MIZORAM (15),45-49,53175,27028,26147,23045,11983,11062,30130,15045,15085
C4114,15,000,State - MIZORAM (15),50-54,44256,22556,21700,20258,10538,9720,23998,12018,11980
C4114,15,000,State - MIZORAM (15),55-59,31177,16139,15038,14603,7770,6833,16574,8369,8205
C4114,15,000,State - MIZORAM (15),60-64,24480,12357,12123,11736,6110,5626,12744,6247,6497
C4114,15,000,State - MIZORAM (15),65-69,16170,8114,8056,7878,4105,3773,8292,4009,4283
C4114,15,000,State - MIZORAM (15),70-74,12020,6108,5912,5572,2907,2665,6448,3201,3247
C4114,15,000,State - MIZORAM (15),75-79,7784,3884,3900,3599,1876,1723,4185,2008,2177
C4114,15,000,State - MIZORAM (15),80+,8174,3882,4292,3711,1763,1948,4463,2119,2344
C4114,15,000,State - MIZORAM (15),Age not stated,633,379,254,280,154,126,353,225,128
C4114,16,000,State - TRIPURA (16),All ages,3673917,1874376,1799541,2712464,1387173,1325291,961453,487203,474250
C4114,16,000,State - TRIPURA (16),0-4,322566,164505,158061,258020,131384,126636,64546,33121,31425
C4114,16,000,State - TRIPURA (16),5-9,337735,172541,165194,266430,136049,130381,71305,36492,34813
C4114,16,000,State - TRIPURA (16),10-14,357690,183001,174689,282994,144904,138090,74696,38097,36599
C4114,16,000,State - TRIPURA (16),15-19,357829,181136,176693,274888,139377,135511,82941,41759,41182
C4114,16,000,State - TRIPURA (16),20-24,373177,183779,189398,280876,138466,142410,92301,45313,46988
C4114,16,000,State - TRIPURA (16),25-29,344149,175059,169090,252860,129389,123471,91289,45670,45619
C4114,16,000,State - TRIPURA (16),30-34,286989,149231,137758,204868,107731,97137,82121,41500,40621
C4114,16,000,State - TRIPURA (16),35-39,279342,143051,136291,196129,101658,94471,83213,41393,41820
C4114,16,000,State - TRIPURA (16),40-44,238751,124093,114658,164055,85593,78462,74696,38500,36196
C4114,16,000,State - TRIPURA (16),45-49,205469,106717,98752,139297,72663,66634,66172,34054,32118
C4114,16,000,State - TRIPURA (16),50-54,162186,86627,75559,108302,57982,50320,53884,28645,25239
C4114,16,000,State - TRIPURA (16),55-59,116874,61849,55025,76947,40066,36881,39927,21783,18144
C4114,16,000,State - TRIPURA (16),60-64,97129,49611,47518,67295,33940,33355,29834,15671,14163
C4114,16,000,State - TRIPURA (16),65-69,70480,35044,35436,50426,25067,25359,20054,9977,10077
C4114,16,000,State - TRIPURA (16),70-74,52324,25535,26789,37764,18698,19066,14560,6837,7723
C4114,16,000,State - TRIPURA (16),75-79,30086,14259,15827,21165,10258,10907,8921,4001,4920
C4114,16,000,State - TRIPURA (16),80+,39525,17471,22054,29113,13380,15733,10412,4091,6321
C4114,16,000,State - TRIPURA (16),Age not stated,1616,867,749,1035,568,467,581,299,282
C4114,17,000,State - MEGHALAYA (17),All ages,2966889,1491832,1475057,2371439,1194260,1177179,595450,297572,297878
C4114,17,000,State - MEGHALAYA (17),0-4,406154,205846,200308,351463,177831,173632,54691,28015,26676
C4114,17,000,State - MEGHALAYA (17),5-9,389182,197585,191597,331758,168347,163411,57424,29238,28186
C4114,17,000,State - MEGHALAYA (17),10-14,382606,193473,189133,315360,159784,155576,67246,33689,33557
C4114,17,000,State - MEGHALAYA (17),15-19,326188,164716,161472,254132,129138,124994,72056,35578,36478
C4114,17,000,State - MEGHALAYA (17),20-24,285012,139140,145872,217643,105372,112271,67369,33768,33601
C4114,17,000,State - MEGHALAYA (17),25-29,251281,124676,126605,191850,94964,96886,59431,29712,29719
C4114,17,000,State - MEGHALAYA (17),30-34,189657,95786,93871,142762,72034,70728,46895,23752,23143
C4114,17,000,State - MEGHALAYA (17),35-39,174706,87320,87386,133054,66890,66164,41652,20430,21222
C4114,17,000,State - MEGHALAYA (17),40-44,145450,73377,72073,111054,56095,54959,34396,17282,17114
C4114,17,000,State - MEGHALAYA (17),45-49,123115,63043,60072,94562,48433,46129,28553,14610,13943
C4114,17,000,State - MEGHALAYA (17),50-54,88743,45910,42833,67679,35366,32313,21064,10544,10520
C4114,17,000,State - MEGHALAYA (17),55-59,60109,30692,29417,45821,23513,22308,14288,7179,7109
C4114,17,000,State - MEGHALAYA (17),60-64,50708,25421,25287,39902,20229,19673,10806,5192,5614
C4114,17,000,State - MEGHALAYA (17),65-69,35774,17482,18292,28783,14315,14468,6991,3167,3824
C4114,17,000,State - MEGHALAYA (17),70-74,23698,11161,12537,18799,9081,9718,4899,2080,2819
C4114,17,000,State - MEGHALAYA (17),75-79,12845,5848,6997,9855,4644,5211,2990,1204,1786
C4114,17,000,State - MEGHALAYA (17),80+,15877,7027,8850,12181,5623,6558,3696,1404,2292
C4114,17,000,State - MEGHALAYA (17),Age not stated,5784,3329,2455,4781,2601,2180,1003,728,275
C4114,18,000,State - ASSAM (18),All ages,31205576,15939443,15266133,26807034,13678989,13128045,4398542,2260454,2138088
C4114,18,000,State - ASSAM (18),0-4,3212833,1634922,1577911,2900310,1474612,1425698,312523,160310,152213
C4114,18,000,State - ASSAM (18),5-9,3544339,1806346,1737993,3191197,1624618,1566579,353142,181728,171414
C4114,18,000,State - ASSAM (18),10-14,3491727,1789381,1702346,3099766,1587764,1512002,391961,201617,190344
C4114,18,000,State - ASSAM (18),15-19,3068581,1595489,1473092,2664091,1388492,1275599,404490,206997,197493
C4114,18,000,State - ASSAM (18),20-24,2909405,1415580,1493825,2477603,1203111,1274492,431802,212469,219333
C4114,18,000,State - ASSAM (18),25-29,2815147,1393042,1422105,2386510,1183063,1203447,428637,209979,218658
C4114,18,000,State - ASSAM (18),30-34,2330060,1174247,1155813,1949510,984620,964890,380550,189627,190923
C4114,18,000,State - ASSAM (18),35-39,2260473,1153679,1106794,1879751,962030,917721,380722,191649,189073
C4114,18,000,State - ASSAM (18),40-44,1831206,965463,865743,1507048,793546,713502,324158,171917,152241
C4114,18,000,State - ASSAM (18),45-49,1595249,846081,749168,1310964,693457,617507,284285,152624,131661
C4114,18,000,State - ASSAM (18),50-54,1192363,642260,550103,974992,519994,454998,217371,122266,95105
C4114,18,000,State - ASSAM (18),55-59,856825,458242,398583,702760,371541,331219,154065,86701,67364
C4114,18,000,State - ASSAM (18),60-64,775698,394563,381135,649041,327339,321702,126657,67224,59433
C4114,18,000,State - ASSAM (18),65-69,503642,253973,249669,422443,211838,210605,81199,42135,39064
C4114,18,000,State - ASSAM (18),70-74,385277,196445,188832,327588,166867,160721,57689,29578,28111
C4114,18,000,State - ASSAM (18),75-79,184352,96599,87753,153054,80838,72216,31298,15761,15537
C4114,18,000,State - ASSAM (18),80+,229575,113237,116338,195387,97407,97980,34188,15830,18358
C4114,18,000,State - ASSAM (18),Age not stated,18824,9894,8930,15019,7852,7167,3805,2042,1763
C4114,19,000,State - WEST BENGAL (19),All ages,91276115,46809027,44467088,62183113,31844945,30338168,29093002,14964082,14128920
C4114,19,000,State - WEST BENGAL (19),0-4,7333143,3743862,3589281,5432943,2770164,2662779,1900200,973698,926502
C4114,19,000,State - WEST BENGAL (19),5-9,8247809,4216763,4031046,6048643,3085358,2963285,2199166,1131405,1067761
C4114,19,000,State - WEST BENGAL (19),10-14,9156523,4677506,4479017,6677094,3401028,3276066,2479429,1276478,1202951
C4114,19,000,State - WEST BENGAL (19),15-19,9058031,4702325,4355706,6442695,3359604,3083091,2615336,1342721,1272615
C4114,19,000,State - WEST BENGAL (19),20-24,8758322,4422630,4335692,6042721,3062672,2980049,2715601,1359958,1355643
C4114,19,000,State - WEST BENGAL (19),25-29,7997909,4044904,3953005,5354996,2723495,2631501,2642913,1321409,1321504
C4114,19,000,State - WEST BENGAL (19),30-34,6841590,3464659,3376931,4452270,2255183,2197087,2389320,1209476,1179844
C4114,19,000,State - WEST BENGAL (19),35-39,7012646,3523361,3489285,4596701,2306077,2290624,2415945,1217284,1198661
C4114,19,000,State - WEST BENGAL (19),40-44,6153060,3219604,2933456,4024731,2100597,1924134,2128329,1119007,1009322
C4114,19,000,State - WEST BENGAL (19),45-49,5335719,2814212,2521507,3422477,1807534,1614943,1913242,1006678,906564
C4114,19,000,State - WEST BENGAL (19),50-54,4257880,2317232,1940648,2693913,1469321,1224592,1563967,847911,716056
C4114,19,000,State - WEST BENGAL (19),55-59,3268650,1746903,1521747,2048869,1086200,962669,1219781,660703,559078
C4114,19,000,State - WEST BENGAL (19),60-64,2745454,1406401,1339053,1746446,881516,864930,999008,524885,474123
C4114,19,000,State - WEST BENGAL (19),65-69,1982993,991280,991713,1280414,625865,654549,702579,365415,337164
C4114,19,000,State - WEST BENGAL (19),70-74,1390607,686881,703726,876931,421658,455273,513676,265223,248453
C4114,19,000,State - WEST BENGAL (19),75-79,739767,360216,379551,456033,217061,238972,283734,143155,140579
C4114,19,000,State - WEST BENGAL (19),80+,883561,406536,477025,536855,245245,291610,346706,161291,185415
C4114,19,000,State - WEST BENGAL (19),Age not stated,112451,63752,48699,48381,26367,22014,64070,37385,26685
C4114,20,000,State - JHARKHAND (20),All ages,32988134,16930315,16057819,25055073,12776486,12278587,7933061,4153829,3779232
C4114,20,000,State - JHARKHAND (20),0-4,3648297,1871134,1777163,2956705,1509453,1447252,691592,361681,329911
C4114,20,000,State - JHARKHAND (20),5-9,4138425,2117879,2020546,3332668,1695581,1637087,805757,422298,383459
C4114,20,000,State - JHARKHAND (20),10-14,4104396,2112627,1991769,3237192,1662046,1575146,867204,450581,416623
C4114,20,000,State - JHARKHAND (20),15-19,3205268,1714887,1490381,2359367,1268321,1091046,845901,446566,399335
C4114,20,000,State - JHARKHAND (20),20-24,2827622,1431263,1396359,2052259,1031084,1021175,775363,400179,375184
C4114,20,000,State - JHARKHAND (20),25-29,2652639,1342314,1310325,1942429,976894,965535,710210,365420,344790
C4114,20,000,State - JHARKHAND (20),30-34,2307296,1165866,1141430,1697271,849293,847978,610025,316573,293452
C4114,20,000,State - JHARKHAND (20),35-39,2136764,1092675,1044089,1570756,799950,770806,566008,292725,273283
C4114,20,000,State - JHARKHAND (20),40-44,1788506,930421,858085,1312316,676548,635768,476190,253873,222317
C4114,20,000,State - JHARKHAND (20),45-49,1534094,798966,735128,1122090,580579,541511,412004,218387,193617
C4114,20,000,State - JHARKHAND (20),50-54,1186181,620682,565499,861644,447952,413692,324537,172730,151807
C4114,20,000,State - JHARKHAND (20),55-59,985234,487604,497630,720551,343784,376767,264683,143820,120863
C4114,20,000,State - JHARKHAND (20),60-64,957482,474565,482917,739909,359498,380411,217573,115067,102506
C4114,20,000,State - JHARKHAND (20),65-69,635397,317852,317545,502092,246596,255496,133305,71256,62049
C4114,20,000,State - JHARKHAND (20),70-74,407108,210878,196230,319521,163601,155920,87587,47277,40310
C4114,20,000,State - JHARKHAND (20),75-79,167954,83542,84412,128086,62658,65428,39868,20884,18984
C4114,20,000,State - JHARKHAND (20),80+,188737,94908,93829,143253,72523,70730,45484,22385,23099
C4114,20,000,State - JHARKHAND (20),Age not stated,116734,62252,54482,56964,30125,26839,59770,32127,27643
C4114,21,000,State - ODISHA (21),All ages,41974218,21212136,20762082,34970562,17586203,17384359,7003656,3625933,3377723
C4114,21,000,State - ODISHA (21),0-4,3653029,1878127,1774902,3136169,1608566,1527603,516860,269561,247299
C4114,21,000,State - ODISHA (21),5-9,4074768,2085339,1989429,3494942,1782516,1712426,579826,302823,277003
C4114,21,000,State - ODISHA (21),10-14,4348625,2203535,2145090,3705396,1872543,1832853,643229,330992,312237
C4114,21,000,State - ODISHA (21),15-19,3925398,1972684,1952714,3240171,1616989,1623182,685227,355695,329532
C4114,21,000,State - ODISHA (21),20-24,3783527,1870939,1912588,3078847,1513663,1565184,704680,357276,347404
C4114,21,000,State - ODISHA (21),25-29,3574037,1772876,1801161,2918990,1446384,1472606,655047,326492,328555
C4114,21,000,State - ODISHA (21),30-34,3102991,1542233,1560758,2520189,1247203,1272986,582802,295030,287772
C4114,21,000,State - ODISHA (21),35-39,3051188,1528685,1522503,2487391,1242592,1244799,563797,286093,277704
C4114,21,000,State - ODISHA (21),40-44,2691474,1387920,1303554,2196313,1126384,1069929,495161,261536,233625
C4114,21,000,State - ODISHA (21),45-49,2334030,1212366,1121664,1905599,982737,922862,428431,229629,198802
C4114,21,000,State - ODISHA (21),50-54,1847812,957524,890288,1516062,776529,739533,331750,180995,150755
C4114,21,000,State - ODISHA (21),55-59,1483720,744291,739429,1235630,607411,628219,248090,136880,111210
C4114,21,000,State - ODISHA (21),60-64,1474061,737635,736426,1269444,630692,638752,204617,106943,97674
C4114,21,000,State - ODISHA (21),65-69,979525,487849,491676,851670,421279,430391,127855,66570,61285
C4114,21,000,State - ODISHA (21),70-74,768070,380635,387435,666519,329265,337254,101551,51370,50181
C4114,21,000,State - ODISHA (21),75-79,364800,183294,181506,314077,157552,156525,50723,25742,24981
C4114,21,000,State - ODISHA (21),80+,397992,204857,193135,337943,175428,162515,60049,29429,30620
C4114,21,000,State - ODISHA (21),Age not stated,119171,61347,57824,95210,48470,46740,23961,12877,11084
C4114,22,000,State - CHHATTISGARH (22),All ages,25545198,12832895,12712303,19607961,9797426,9810535,5937237,3035469,2901768
C4114,22,000,State - CHHATTISGARH (22),0-4,2541065,1286970,1254095,2027687,1022795,1004892,513378,264175,249203
C4114,22,000,State - CHHATTISGARH (22),5-9,2758758,1404079,1354679,2206437,1117796,1088641,552321,286283,266038
C4114,22,000,State - CHHATTISGARH (22),10-14,2884013,1461185,1422828,2289627,1155074,1134553,594386,306111,288275
C4114,22,000,State - CHHATTISGARH (22),15-19,2599842,1319451,1280391,1998051,1009334,988717,601791,310117,291674
C4114,22,000,State - CHHATTISGARH (22),20-24,2389497,1193378,1196119,1773929,885162,888767,615568,308216,307352
C4114,22,000,State - CHHATTISGARH (22),25-29,2057300,1049238,1008062,1508182,770527,737655,549118,278711,270407
C4114,22,000,State - CHHATTISGARH (22),30-34,1815058,898023,917035,1340001,656456,683545,475057,241567,233490
C4114,22,000,State - CHHATTISGARH (22),35-39,1779414,891265,888149,1329416,663342,666074,449998,227923,222075
C4114,22,000,State - CHHATTISGARH (22),40-44,1576553,796402,780151,1179152,590214,588938,397401,206188,191213
C4114,22,000,State - CHHATTISGARH (22),45-49,1334374,692974,641400,998323,516444,481879,336051,176530,159521
C4114,22,000,State - CHHATTISGARH (22),50-54,992947,510326,482621,741578,376646,364932,251369,133680,117689
C4114,22,000,State - CHHATTISGARH (22),55-59,789353,389338,400015,603044,290945,312099,186309,98393,87916
C4114,22,000,State - CHHATTISGARH (22),60-64,743742,348956,394786,588321,273504,314817,155421,75452,79969
C4114,22,000,State - CHHATTISGARH (22),65-69,533810,244336,289474,429402,195192,234210,104408,49144,55264
C4114,22,000,State - CHHATTISGARH (22),70-74,373000,174249,198751,299448,139047,160401,73552,35202,38350
C4114,22,000,State - CHHATTISGARH (22),75-79,166578,75545,91033,132135,58945,73190,34443,16600,17843
C4114,22,000,State - CHHATTISGARH (22),80+,186779,85073,101706,149241,68761,80480,37538,16312,21226
C4114,22,000,State - CHHATTISGARH (22),Age not stated,23115,12107,11008,13987,7242,6745,9128,4865,4263
C4114,23,000,State - MADHYA PRADESH (23),All ages,72626809,37612306,35014503,52557404,27149388,25408016,20069405,10462918,9606487
C4114,23,000,State - MADHYA PRADESH (23),0-4,7471286,3874247,3597039,5763560,2982196,2781364,1707726,892051,815675
C4114,23,000,State - MADHYA PRADESH (23),5-9,8266455,4309693,3956762,6347575,3292243,3055332,1918880,1017450,901430
C4114,23,000,State - MADHYA PRADESH (23),10-14,8564501,4439329,4125172,6481035,3338101,3142934,2083466,1101228,982238
C4114,23,000,State - MADHYA PRADESH (23),15-19,7446789,3980072,3466717,5359720,2862347,2497373,2087069,1117725,969344
C4114,23,000,State - MADHYA PRADESH (23),20-24,6727579,3554088,3173491,4678759,2481628,2197131,2048820,1072460,976360
C4114,23,000,State - MADHYA PRADESH (23),25-29,5787506,2988325,2799181,3990858,2067454,1923404,1796648,920871,875777
C4114,23,000,State - MADHYA PRADESH (23),30-34,5214960,2650705,2564255,3638969,1841507,1797462,1575991,809198,766793
C4114,23,000,State - MADHYA PRADESH (23),35-39,4861671,2493464,2368207,3407607,1750469,1657138,1454064,742995,711069
C4114,23,000,State - MADHYA PRADESH (23),40-44,4214474,2193888,2020586,2937258,1527419,1409839,1277216,666469,610747
C4114,23,000,State - MADHYA PRADESH (23),45-49,3522961,1838798,1684163,2425510,1260719,1164791,1097451,578079,519372
C4114,23,000,State - MADHYA PRADESH (23),50-54,2694372,1446522,1247850,1847524,988058,859466,846848,458464,388384
C4114,23,000,State - MADHYA PRADESH (23),55-59,2058077,1030243,1027834,1437113,704014,733099,620964,326229,294735
C4114,23,000,State - MADHYA PRADESH (23),60-64,1987410,989463,997947,1437170,711867,725303,550240,277596,272644
C4114,23,000,State - MADHYA PRADESH (23),65-69,1427061,680005,747056,1054385,497698,556687,372676,182307,190369
C4114,23,000,State - MADHYA PRADESH (23),70-74,1107421,545246,562175,826774,408168,418606,280647,137078,143569
C4114,23,000,State - MADHYA PRADESH (23),75-79,523355,244807,278548,384851,178514,206337,138504,66293,72211
C4114,23,000,State - MADHYA PRADESH (23),80+,668069,310035,358034,491426,232111,259315,176643,77924,98719
C4114,23,000,State - MADHYA PRADESH (23),Age not stated,82862,43376,39486,47310,24875,22435,35552,18501,17051
C4114,24,000,State - GUJARAT (24),All ages,60439692,31491260,28948432,34694609,17799159,16895450,25745083,13692101,12052982
C4114,24,000,State - GUJARAT (24),0-4,5460332,2871890,2588442,3400893,1768858,1632035,2059439,1103032,956407
C4114,24,000,State - GUJARAT (24),5-9,5835836,3126401,2709435,3608635,1902056,1706579,2227201,1224345,1002856
C4114,24,000,State - GUJARAT (24),10-14,6149445,3283834,2865611,3787881,1989379,1798502,2361564,1294455,1067109
C4114,24,000,State - GUJARAT (24),15-19,5865760,3146110,2719650,3406534,1781574,1624960,2459226,1364536,1094690
C4114,24,000,State - GUJARAT (24),20-24,5780722,3046127,2734595,3129114,1613761,1515353,2651608,1432366,1219242
C4114,24,000,State - GUJARAT (24),25-29,5278822,2767283,2511539,2767541,1439403,1328138,2511281,1327880,1183401
C4114,24,000,State - GUJARAT (24),30-34,4770528,2467024,2303504,2567865,1309468,1258397,2202663,1157556,1045107
C4114,24,000,State - GUJARAT (24),35-39,4341225,2258335,2082890,2379877,1230816,1149061,1961348,1027519,933829
C4114,24,000,State - GUJARAT (24),40-44,3865476,1993876,1871600,2149186,1096357,1052829,1716290,897519,818771
C4114,24,000,State - GUJARAT (24),45-49,3314013,1711872,1602141,1830536,938828,891708,1483477,773044,710433
C4114,24,000,State - GUJARAT (24),50-54,2697183,1409273,1287910,1504667,772574,732093,1192516,636699,555817
C4114,24,000,State - GUJARAT (24),55-59,2054947,1038088,1016859,1161872,569554,592318,893075,468534,424541
C4114,24,000,State - GUJARAT (24),60-64,1727752,851259,876493,1023043,494349,528694,704709,356910,347799
C4114,24,000,State - GUJARAT (24),65-69,1170072,550002,620070,707269,323610,383659,462803,226392,236411
C4114,24,000,State - GUJARAT (24),70-74,899677,417522,482155,559725,256602,303123,339952,160920,179032
C4114,24,000,State - GUJARAT (24),75-79,439996,196341,243655,262004,113543,148461,177992,82798,95194
C4114,24,000,State - GUJARAT (24),80+,549062,230477,318585,332285,139154,193131,216777,91323,125454
C4114,24,000,State - GUJARAT (24),Age not stated,238844,125546,113298,115682,59273,56409,123162,66273,56889
C4114,25,000,State - DAMAN & DIU (25),All ages,243247,150301,92946,60396,32395,28001,182851,117906,64945
C4114,25,000,State - DAMAN & DIU (25),0-4,19158,10020,9138,5174,2692,2482,13984,7328,6656
C4114,25,000,State - DAMAN & DIU (25),5-9,18506,9828,8678,5767,2982,2785,12739,6846,5893
C4114,25,000,State - DAMAN & DIU (25),10-14,17321,9300,8021,6335,3302,3033,10986,5998,4988
C4114,25,000,State - DAMAN & DIU (25),15-19,26314,18239,8075,6655,3766,2889,19659,14473,5186
C4114,25,000,State - DAMAN & DIU (25),20-24,38584,27925,10659,7024,4117,2907,31560,23808,7752
C4114,25,000,State - DAMAN & DIU (25),25-29,33181,22044,11137,6125,3416,2709,27056,18628,8428
C4114,25,000,State - DAMAN & DIU (25),30-34,24031,15314,8717,5077,2823,2254,18954,12491,6463
C4114,25,000,State - DAMAN & DIU (25),35-39,19550,12255,7295,4681,2601,2080,14869,9654,5215
C4114,25,000,State - DAMAN & DIU (25),40-44,13601,8384,5217,3489,1905,1584,10112,6479,3633
C4114,25,000,State - DAMAN & DIU (25),45-49,9618,5649,3969,2766,1496,1270,6852,4153,2699
C4114,25,000,State - DAMAN & DIU (25),50-54,6610,3646,2964,2090,1047,1043,4520,2599,1921
C4114,25,000,State - DAMAN & DIU (25),55-59,5056,2576,2480,1547,740,807,3509,1836,1673
C4114,25,000,State - DAMAN & DIU (25),60-64,4308,1977,2331,1388,592,796,2920,1385,1535
C4114,25,000,State - DAMAN & DIU (25),65-69,2753,1182,1571,870,374,496,1883,808,1075
C4114,25,000,State - DAMAN & DIU (25),70-74,2103,841,1262,675,275,400,1428,566,862
C4114,25,000,State - DAMAN & DIU (25),75-79,1067,437,630,314,112,202,753,325,428
C4114,25,000,State - DAMAN & DIU (25),80+,1130,436,694,336,112,224,794,324,470
C4114,25,000,State - DAMAN & DIU (25),Age not stated,356,248,108,83,43,40,273,205,68
C4114,26,000,State - DADRA & NAGAR HAVELI (26),All ages,343709,193760,149949,183114,98305,84809,160595,95455,65140
C4114,26,000,State - DADRA & NAGAR HAVELI (26),0-4,36561,18902,17659,20601,10410,10191,15960,8492,7468
C4114,26,000,State - DADRA & NAGAR HAVELI (26),5-9,36249,19059,17190,21040,10794,10246,15209,8265,6944
C4114,26,000,State - DADRA & NAGAR HAVELI (26),10-14,35003,18385,16618,22352,11564,10788,12651,6821,5830
C4114,26,000,State - DADRA & NAGAR HAVELI (26),15-19,33104,19979,13125,19013,10775,8238,14091,9204,4887
C4114,26,000,State - DADRA & NAGAR HAVELI (26),20-24,44301,27595,16706,21932,13066,8866,22369,14529,7840
C4114,26,000,State - DADRA & NAGAR HAVELI (26),25-29,39885,23496,16389,17657,10255,7402,22228,13241,8987
C4114,26,000,State - DADRA & NAGAR HAVELI (26),30-34,30641,17957,12684,13100,7322,5778,17541,10635,6906
C4114,26,000,State - DADRA & NAGAR HAVELI (26),35-39,25277,14862,10415,11438,6209,5229,13839,8653,5186
C4114,26,000,State - DADRA & NAGAR HAVELI (26),40-44,18181,10554,7627,9353,4938,4415,8828,5616,3212
C4114,26,000,State - DADRA & NAGAR HAVELI (26),45-49,13789,7671,6118,7831,4059,3772,5958,3612,2346
C4114,26,000,State - DADRA & NAGAR HAVELI (26),50-54,9503,5215,4288,5728,3014,2714,3775,2201,1574
C4114,26,000,State - DADRA & NAGAR HAVELI (26),55-59,6951,3526,3425,4211,2036,2175,2740,1490,1250
C4114,26,000,State - DADRA & NAGAR HAVELI (26),60-64,5831,2794,3037,3716,1690,2026,2115,1104,1011
C4114,26,000,State - DADRA & NAGAR HAVELI (26),65-69,3716,1755,1961,2361,1067,1294,1355,688,667
C4114,26,000,State - DADRA & NAGAR HAVELI (26),70-74,2309,973,1336,1485,587,898,824,386,438
C4114,26,000,State - DADRA & NAGAR HAVELI (26),75-79,958,394,564,559,208,351,399,186,213
C4114,26,000,State - DADRA & NAGAR HAVELI (26),80+,1078,443,635,517,198,319,561,245,316
C4114,26,000,State - DADRA & NAGAR HAVELI (26),Age not stated,372,200,172,220,113,107,152,87,65
C4114,27,000,State - MAHARASHTRA (27),All ages,112374333,58243056,54131277,61556074,31539034,30017040,50818259,26704022,24114237
C4114,27,000,State - MAHARASHTRA (27),0-4,9362026,4939629,4422397,5417809,2868371,2549438,3944217,2071258,1872959
C4114,27,000,State - MAHARASHTRA (27),5-9,9820654,5178177,4642477,5650613,2971867,2678746,4170041,2206310,1963731
C4114,27,000,State - MAHARASHTRA (27),10-14,10734535,5662261,5072274,6256057,3288156,2967901,4478478,2374105,2104373
C4114,27,000,State - MAHARASHTRA (27),15-19,10627267,5710400,4916867,5979665,3209224,2770441,4647602,2501176,2146426
C4114,27,000,State - MAHARASHTRA (27),20-24,11090966,5845114,5245852,5764844,3018199,2746645,5326122,2826915,2499207
C4114,27,000,State - MAHARASHTRA (27),25-29,10147113,5272560,4874553,5025278,2589352,2435926,5121835,2683208,2438627
C4114,27,000,State - MAHARASHTRA (27),30-34,8796307,4536297,4260010,4395201,2218757,2176444,4401106,2317540,2083566
C4114,27,000,State - MAHARASHTRA (27),35-39,8247160,4209434,4037726,4223357,2111275,2112082,4023803,2098159,1925644
C4114,27,000,State - MAHARASHTRA (27),40-44,7196089,3744825,3451264,3763589,1924940,1838649,3432500,1819885,1612615
C4114,27,000,State - MAHARASHTRA (27),45-49,6032454,3116218,2916236,3167108,1607153,1559955,2865346,1509065,1356281
C4114,27,000,State - MAHARASHTRA (27),50-54,4919317,2580991,2338326,2619829,1344947,1274882,2299488,1236044,1063444
C4114,27,000,State - MAHARASHTRA (27),55-59,3885814,1974129,1911685,2117255,1038978,1078277,1768559,935151,833408
C4114,27,000,State - MAHARASHTRA (27),60-64,3642480,1716639,1925841,2155343,970755,1184588,1487137,745884,741253
C4114,27,000,State - MAHARASHTRA (27),65-69,3078352,1440238,1638114,2008912,920144,1088768,1069440,520094,549346
C4114,27,000,State - MAHARASHTRA (27),70-74,2143136,1039292,1103844,1411217,684770,726447,731919,354522,377397
C4114,27,000,State - MAHARASHTRA (27),75-79,1062773,515431,547342,664727,324175,340552,398046,191256,206790
C4114,27,000,State - MAHARASHTRA (27),80+,1180194,542109,638085,729341,339248,390093,450853,202861,247992
C4114,27,000,State - MAHARASHTRA (27),Age not stated,407696,219312,188384,205929,108723,97206,201767,110589,91178
C4114,28,000,State - ANDHRA PRADESH (28),All ages,84580777,42442146,42138631,56361702,28243241,28118461,28219075,14198905,14020170
C4114,28,000,State - ANDHRA PRADESH (28),0-4,6284765,3235887,3048878,4212158,2165606,2046552,2072607,1070281,1002326
C4114,28,000,State - ANDHRA PRADESH (28),5-9,7304432,3760398,3544034,4976869,2559092,2417777,2327563,1201306,1126257
C4114,28,000,State - ANDHRA PRADESH (28),10-14,8201595,4208884,3992711,5565402,2859860,2705542,2636193,1349024,1287169
C4114,28,000,State - ANDHRA PRADESH (28),15-19,8093747,4196307,3897440,5334069,2799993,2534076,2759678,1396314,1363364
C4114,28,000,State - ANDHRA PRADESH (28),20-24,8132094,4055697,4076397,5263277,2682670,2580607,2868817,1373027,1495790
C4114,28,000,State - ANDHRA PRADESH (28),25-29,7799036,3809887,3989149,4995581,2453142,2542439,2803455,1356745,1446710
C4114,28,000,State - ANDHRA PRADESH (28),30-34,6584371,3300407,3283964,4233619,2106915,2126704,2350752,1193492,1157260
C4114,28,000,State - ANDHRA PRADESH (28),35-39,6507339,3198512,3308827,4246358,2064444,2181914,2260981,1134068,1126913
C4114,28,000,State - ANDHRA PRADESH (28),40-44,5399473,2794398,2605075,3540901,1819821,1721080,1858572,974577,883995
C4114,28,000,State - ANDHRA PRADESH (28),45-49,4657269,2374633,2282636,3067300,1549594,1517706,1589969,825039,764930
C4114,28,000,State - ANDHRA PRADESH (28),50-54,3657386,1862583,1794803,2441460,1229218,1212242,1215926,633365,582561
C4114,28,000,State - ANDHRA PRADESH (28),55-59,2909598,1350539,1559059,1975179,878394,1096785,934419,472145,462274
C4114,28,000,State - ANDHRA PRADESH (28),60-64,3199837,1485764,1714073,2342553,1066864,1275689,857284,418900,438384
C4114,28,000,State - ANDHRA PRADESH (28),65-69,2167854,1034360,1133494,1624701,774178,850523,543153,260182,282971
C4114,28,000,State - ANDHRA PRADESH (28),70-74,1519358,752743,766615,1148018,573247,574771,371340,179496,191844
C4114,28,000,State - ANDHRA PRADESH (28),75-79,636989,307474,329515,460041,224296,235745,176948,83178,93770
C4114,28,000,State - ANDHRA PRADESH (28),80+,754203,325987,428216,532778,234293,298485,221425,91694,129731
C4114,28,000,State - ANDHRA PRADESH (28),Age not stated,771431,387686,383745,401438,201614,199824,369993,186072,183921
C4114,29,000,State - KARNATAKA (29),All ages,61095297,30966657,30128640,37469335,18929354,18539981,23625962,12037303,11588659
C4114,29,000,State - KARNATAKA (29),0-4,5046719,2582024,2464695,3179495,1625896,1553599,1867224,956128,911096
C4114,29,000,State - KARNATAKA (29),5-9,5241509,2696670,2544839,3309619,1700617,1609002,1931890,996053,935837
C4114,29,000,State - KARNATAKA (29),10-14,5736646,2955287,2781359,3662475,1889725,1772750,2074171,1065562,1008609
C4114,29,000,State - KARNATAKA (29),15-19,5827277,3042048,2785229,3658264,1933809,1724455,2169013,1108239,1060774
C4114,29,000,State - KARNATAKA (29),20-24,6052558,3109586,2942972,3549425,1849584,1699841,2503133,1260002,1243131
C4114,29,000,State - KARNATAKA (29),25-29,5771606,2879254,2892352,3283508,1645487,1638021,2488098,1233767,1254331
C4114,29,000,State - KARNATAKA (29),30-34,4698380,2389594,2308786,2657749,1332397,1325352,2040631,1057197,983434
C4114,29,000,State - KARNATAKA (29),35-39,4695451,2319088,2376363,2770958,1337639,1433319,1924493,981449,943044
C4114,29,000,State - KARNATAKA (29),40-44,3826712,1977768,1848944,2320355,1183334,1137021,1506357,794434,711923
C4114,29,000,State - KARNATAKA (29),45-49,3519782,1804833,1714949,2165676,1103911,1061765,1354106,700922,653184
C4114,29,000,State - KARNATAKA (29),50-54,2699270,1381969,1317301,1665456,844160,821296,1033814,537809,496005
C4114,29,000,State - KARNATAKA (29),55-59,2142504,1056054,1086450,1323457,636709,686748,819047,419345,399702
C4114,29,000,State - KARNATAKA (29),60-64,2060052,994630,1065422,1352255,642294,709961,707797,352336,355461
C4114,29,000,State - KARNATAKA (29),65-69,1520119,723687,796432,1039482,491844,547638,480637,231843,248794
C4114,29,000,State - KARNATAKA (29),70-74,1061125,510419,550706,736309,352315,383994,324816,158104,166712
C4114,29,000,State - KARNATAKA (29),75-79,524426,249834,274592,350060,166285,183775,174366,83549,90817
C4114,29,000,State - KARNATAKA (29),80+,625310,268502,356808,418963,179395,239568,206347,89107,117240
C4114,29,000,State - KARNATAKA (29),Age not stated,45851,25410,20441,25829,13953,11876,20022,11457,8565
C4114,30,000,State - GOA (30),All ages,1458545,739140,719405,551731,275436,276295,906814,463704,443110
C4114,30,000,State - GOA (30),0-4,101203,52017,49186,37839,19432,18407,63364,32585,30779
C4114,30,000,State - GOA (30),5-9,105968,54672,51296,39364,20165,19199,66604,34507,32097
C4114,30,000,State - GOA (30),10-14,110989,57417,53572,41666,21304,20362,69323,36113,33210
C4114,30,000,State - GOA (30),15-19,113875,60075,53800,42371,22000,20371,71504,38075,33429
C4114,30,000,State - GOA (30),20-24,130745,70616,60129,47290,24590,22700,83455,46026,37429
C4114,30,000,State - GOA (30),25-29,132626,67744,64882,49917,25250,24667,82709,42494,40215
C4114,30,000,State - GOA (30),30-34,125859,63471,62388,48264,24210,24054,77595,39261,38334
C4114,30,000,State - GOA (30),35-39,126298,63541,62757,48386,24268,24118,77912,39273,38639
C4114,30,000,State - GOA (30),40-44,108512,55504,53008,40382,20562,19820,68130,34942,33188
C4114,30,000,State - GOA (30),45-49,94736,47867,46869,35607,17794,17813,59129,30073,29056
C4114,30,000,State - GOA (30),50-54,76592,38782,37810,28856,14247,14609,47736,24535,23201
C4114,30,000,State - GOA (30),55-59,65553,32021,33532,25084,12044,13040,40469,19977,20492
C4114,30,000,State - GOA (30),60-64,61104,29100,32004,24296,11280,13016,36808,17820,18988
C4114,30,000,State - GOA (30),65-69,41019,19005,22014,16890,7627,9263,24129,11378,12751
C4114,30,000,State - GOA (30),70-74,29055,12890,16165,11833,5024,6809,17222,7866,9356
C4114,30,000,State - GOA (30),75-79,16536,7228,9308,6436,2742,3694,10100,4486,5614
C4114,30,000,State - GOA (30),80+,15781,6092,9689,6332,2413,3919,9449,3679,5770
C4114,30,000,State - GOA (30),Age not stated,2094,1098,996,918,484,434,1176,614,562
C4114,31,000,State - LAKSHADWEEP (31),All ages,64473,33123,31350,14141,7243,6898,50332,25880,24452
C4114,31,000,State - LAKSHADWEEP (31),0-4,5052,2648,2404,1235,630,605,3817,2018,1799
C4114,31,000,State - LAKSHADWEEP (31),5-9,5407,2760,2647,1384,728,656,4023,2032,1991
C4114,31,000,State - LAKSHADWEEP (31),10-14,5998,2854,3144,1389,612,777,4609,2242,2367
C4114,31,000,State - LAKSHADWEEP (31),15-19,5624,2808,2816,1147,525,622,4477,2283,2194
C4114,31,000,State - LAKSHADWEEP (31),20-24,5829,3071,2758,1280,680,600,4549,2391,2158
C4114,31,000,State - LAKSHADWEEP (31),25-29,5967,3135,2832,1305,682,623,4662,2453,2209
C4114,31,000,State - LAKSHADWEEP (31),30-34,5437,2777,2660,1235,642,593,4202,2135,2067
C4114,31,000,State - LAKSHADWEEP (31),35-39,5389,2756,2633,1116,590,526,4273,2166,2107
C4114,31,000,State - LAKSHADWEEP (31),40-44,4608,2453,2155,916,478,438,3692,1975,1717
C4114,31,000,State - LAKSHADWEEP (31),45-49,3810,1975,1835,762,405,357,3048,1570,1478
C4114,31,000,State - LAKSHADWEEP (31),50-54,3066,1625,1441,669,368,301,2397,1257,1140
C4114,31,000,State - LAKSHADWEEP (31),55-59,2901,1513,1388,577,298,279,2324,1215,1109
C4114,31,000,State - LAKSHADWEEP (31),60-64,2034,1046,988,425,227,198,1609,819,790
C4114,31,000,State - LAKSHADWEEP (31),65-69,1413,753,660,319,175,144,1094,578,516
C4114,31,000,State - LAKSHADWEEP (31),70-74,849,410,439,170,75,95,679,335,344
C4114,31,000,State - LAKSHADWEEP (31),75-79,493,244,249,95,53,42,398,191,207
C4114,31,000,State - LAKSHADWEEP (31),80+,481,221,260,90,55,35,391,166,225
C4114,31,000,State - LAKSHADWEEP (31),Age not stated,115,74,41,27,20,7,88,54,34
C4114,32,000,State - KERALA (32),All ages,33406061,16027412,17378649,17471135,8408054,9063081,15934926,7619358,8315568
C4114,32,000,State - KERALA (32),0-4,2453092,1247534,1205558,1286340,653809,632531,1166752,593725,573027
C4114,32,000,State - KERALA (32),5-9,2555112,1303190,1251922,1348204,687077,661127,1206908,616113,590795
C4114,32,000,State - KERALA (32),10-14,2822770,1438917,1383853,1499338,762897,736441,1323432,676020,647412
C4114,32,000,State - KERALA (32),15-19,2610552,1328299,1282253,1365813,696204,669609,1244739,632095,612644
C4114,32,000,State - KERALA (32),20-24,2665809,1298826,1366983,1386061,680283,705778,1279748,618543,661205
C4114,32,000,State - KERALA (32),25-29,2604092,1203978,1400114,1369036,639039,729997,1235056,564939,670117
C4114,32,000,State - KERALA (32),30-34,2455501,1128217,1327284,1278260,592974,685286,1177241,535243,641998
C4114,32,000,State - KERALA (32),35-39,2579673,1161819,1417854,1344629,608341,736288,1235044,553478,681566
C4114,32,000,State - KERALA (32),40-44,2412498,1117424,1295074,1246138,578217,667921,1166360,539207,627153
C4114,32,000,State - KERALA (32),45-49,2348530,1105598,1242932,1227882,578437,649445,1120648,527161,593487
C4114,32,000,State - KERALA (32),50-54,1928145,931191,996954,1001162,484917,516245,926983,446274,480709
C4114,32,000,State - KERALA (32),55-59,1742408,861527,880881,903383,446860,456523,839025,414667,424358
C4114,32,000,State - KERALA (32),60-64,1414671,685136,729535,724947,351377,373570,689724,333759,355965
C4114,32,000,State - KERALA (32),65-69,1002134,459232,542902,525265,240537,284728,476869,218695,258174
C4114,32,000,State - KERALA (32),70-74,733372,326562,406810,381986,170673,211313,351386,155889,195497
C4114,32,000,State - KERALA (32),75-79,501367,208317,293050,266667,111752,154915,234700,96565,138135
C4114,32,000,State - KERALA (32),80+,541849,204348,337501,298687,115981,182706,243162,88367,154795
C4114,32,000,State - KERALA (32),Age not stated,34486,17297,17189,17337,8679,8658,17149,8618,8531
C4114,33,000,State - TAMIL NADU (33),All ages,72147030,36137975,36009055,37229590,18679065,18550525,34917440,17458910,17458530
C4114,33,000,State - TAMIL NADU (33),0-4,5278701,2714578,2564123,2781879,1436619,1345260,2496822,1277959,1218863
C4114,33,000,State - TAMIL NADU (33),5-9,5551255,2851293,2699962,2968536,1528954,1439582,2582719,1322339,1260380
C4114,33,000,State - TAMIL NADU (33),10-14,6177547,3188990,2988557,3325160,1726166,1598994,2852387,1462824,1389563
C4114,33,000,State - TAMIL NADU (33),15-19,6253792,3229838,3023954,3373098,1765233,1607865,2880694,1464605,1416089
C4114,33,000,State - TAMIL NADU (33),20-24,6411543,3154804,3256739,3315234,1658770,1656464,3096309,1496034,1600275
C4114,33,000,State - TAMIL NADU (33),25-29,6663746,3237374,3426372,3360498,1652498,1708000,3303248,1584876,1718372
C4114,33,000,State - TAMIL NADU (33),30-34,5815560,2908749,2906811,2825218,1419512,1405706,2990342,1489237,1501105
C4114,33,000,State - TAMIL NADU (33),35-39,5836456,2815205,3021251,2894635,1375375,1519260,2941821,1439830,1501991
C4114,33,000,State - TAMIL NADU (33),40-44,5064209,2549846,2514363,2495827,1244055,1251772,2568382,1305791,1262591
C4114,33,000,State - TAMIL NADU (33),45-49,4713056,2374915,2338141,2383374,1187892,1195482,2329682,1187023,1142659
C4114,33,000,State - TAMIL NADU (33),50-54,3703460,1875563,1827897,1862643,926233,936410,1840817,949330,891487
C4114,33,000,State - TAMIL NADU (33),55-59,3101142,1540924,1560218,1578510,765352,813158,1522632,775572,747060
C4114,33,000,State - TAMIL NADU (33),60-64,2782608,1378039,1404569,1484099,726363,757736,1298509,651676,646833
C4114,33,000,State - TAMIL NADU (33),65-69,1868370,896412,971958,1022924,490698,532226,845446,405714,439732
C4114,33,000,State - TAMIL NADU (33),70-74,1406529,693167,713362,770619,384159,386460,635910,309008,326902
C4114,33,000,State - TAMIL NADU (33),75-79,710241,353746,356495,365791,187116,178675,344450,166630,177820
C4114,33,000,State - TAMIL NADU (33),80+,742010,339862,402148,385664,185450,200214,356346,154412,201934
C4114,33,000,State - TAMIL NADU (33),Age not stated,66805,34670,32135,35881,18620,17261,30924,16050,14874
C4114,34,000,State - PUDUCHERRY (34),All ages,1247953,612511,635442,395200,194907,200293,852753,417604,435149
C4114,34,000,State - PUDUCHERRY (34),0-4,93949,47703,46246,31526,16110,15416,62423,31593,30830
C4114,34,000,State - PUDUCHERRY (34),5-9,98717,50327,48390,32968,16810,16158,65749,33517,32232
C4114,34,000,State - PUDUCHERRY (34),10-14,105726,53936,51790,35351,17972,17379,70375,35964,34411
C4114,34,000,State - PUDUCHERRY (34),15-19,102316,52231,50085,34019,17394,16625,68297,34837,33460
C4114,34,000,State - PUDUCHERRY (34),20-24,108819,51287,57532,36272,17155,19117,72547,34132,38415
C4114,34,000,State - PUDUCHERRY (34),25-29,118244,55052,63192,38840,18442,20398,79404,36610,42794
C4114,34,000,State - PUDUCHERRY (34),30-34,111070,53761,57309,34114,16868,17246,76956,36893,40063
C4114,34,000,State - PUDUCHERRY (34),35-39,107459,52655,54804,32946,16190,16756,74513,36465,38048
C4114,34,000,State - PUDUCHERRY (34),40-44,89779,45482,44297,26217,13362,12855,63562,32120,31442
C4114,34,000,State - PUDUCHERRY (34),45-49,79305,40625,38680,23828,12218,11610,55477,28407,27070
C4114,34,000,State - PUDUCHERRY (34),50-54,60923,30858,30065,17462,8814,8648,43461,22044,21417
C4114,34,000,State - PUDUCHERRY (34),55-59,50109,24615,25494,14711,7082,7629,35398,17533,17865
C4114,34,000,State - PUDUCHERRY (34),60-64,43828,20498,23330,13161,6025,7136,30667,14473,16194
C4114,34,000,State - PUDUCHERRY (34),65-69,27983,12154,15829,8733,3751,4982,19250,8403,10847
C4114,34,000,State - PUDUCHERRY (34),70-74,22521,9861,12660,6993,3104,3889,15528,6757,8771
C4114,34,000,State - PUDUCHERRY (34),75-79,12789,5494,7295,3604,1605,1999,9185,3889,5296
C4114,34,000,State - PUDUCHERRY (34),80+,13315,5412,7903,3957,1747,2210,9358,3665,5693
C4114,34,000,State - PUDUCHERRY (34),Age not stated,1101,560,541,498,258,240,603,302,301
C4114,35,000,State - ANDAMAN & NICOBAR ISLANDS (35),All ages,380581,202871,177710,237093,126287,110806,143488,76584,66904
C4114,35,000,State - ANDAMAN & NICOBAR ISLANDS (35),0-4,28754,14641,14113,18675,9469,9206,10079,5172,4907
C4114,35,000,State - ANDAMAN & NICOBAR ISLANDS (35),5-9,30454,15512,14942,19265,9849,9416,11189,5663,5526
C4114,35,000,State - ANDAMAN & NICOBAR ISLANDS (35),10-14,33467,17118,16349,21226,10731,10495,12241,6387,5854
C4114,35,000,State - ANDAMAN & NICOBAR ISLANDS (35),15-19,33026,17266,15760,20369,10644,9725,12657,6622,6035
C4114,35,000,State - ANDAMAN & NICOBAR ISLANDS (35),20-24,37115,19528,17587,22540,11654,10886,14575,7874,6701
C4114,35,000,State - ANDAMAN & NICOBAR ISLANDS (35),25-29,41722,22230,19492,25558,13675,11883,16164,8555,7609
C4114,35,000,State - ANDAMAN & NICOBAR ISLANDS (35),30-34,35723,19359,16364,21811,11945,9866,13912,7414,6498
C4114,35,000,State - ANDAMAN & NICOBAR ISLANDS (35),35-39,32842,17170,15672,19802,10424,9378,13040,6746,6294
C4114,35,000,State - ANDAMAN & NICOBAR ISLANDS (35),40-44,26735,14813,11922,15959,8921,7038,10776,5892,4884
C4114,35,000,State - ANDAMAN & NICOBAR ISLANDS (35),45-49,23861,13270,10591,14432,7991,6441,9429,5279,4150
C4114,35,000,State - ANDAMAN & NICOBAR ISLANDS (35),50-54,17296,9710,7586,10675,5987,4688,6621,3723,2898
C4114,35,000,State - ANDAMAN & NICOBAR ISLANDS (35),55-59,13794,7870,5924,8662,4889,3773,5132,2981,2151
C4114,35,000,State - ANDAMAN & NICOBAR ISLANDS (35),60-64,10376,5807,4569,7102,3899,3203,3274,1908,1366
C4114,35,000,State - ANDAMAN & NICOBAR ISLANDS (35),65-69,6226,3430,2796,4469,2477,1992,1757,953,804
C4114,35,000,State - ANDAMAN & NICOBAR ISLANDS (35),70-74,4098,2378,1720,2905,1687,1218,1193,691,502
C4114,35,000,State - ANDAMAN & NICOBAR ISLANDS (35),75-79,2251,1295,956,1606,952,654,645,343,302
C4114,35,000,State - ANDAMAN & NICOBAR ISLANDS (35),80+,2473,1279,1194,1857,992,865,616,287,329
C4114,35,000,State - ANDAMAN & NICOBAR ISLANDS (35),Age not stated,368,195,173,180,101,79,188,94,94
